{"static_lore/lore.md": 1767228773.7964697, "dynamic_knowledge/memoria_legada.md": 1767230929.8101003}