{"static_lore/lore.md": 1767228772.3408034, "dynamic_knowledge/Mem_e_Philia093.md": 1767231770.4492326}